id,reference,tier,machine_uid,machine_model,controller,setting,process,dataset,doi,host,license,license_flag,native_signals,canonical_channels,new_channels,actions,regime,sampling_hz,timestamps_real,usable_hours,windows_1hz,windows_10hz,independent_units,outcomes,format,size_gb,leakage_vs_v1_datasets,lv_overlap,lv_actions,lv_regime,lv_windows,lv_units,lv_outcomes,lv_licence,lv_provenance,lv_integration,role_fit,score_S,score_T,score_A,score_P,evidence,confidence,verified_on,note
"R00a","Martinez et al. 2025","ref","THWS-SpinnerU5-620","Spinner U5-620 (5-axis, lab)","Siemens 840D sl","lab","milling","THWS five-axis production data set (V1 source)","10.5281/zenodo.14094887","Zenodo","CC BY 4.0","green","17 canonical sensors + 4 actions at 1 Hz (docs/data.md)","17","-","direct (spindle speed, X/Y/Z feed)","production-like changeover matrix","1","yes","8.3 (29,785 s)","26,879 windows","n/a","62 sessions","phase labels","CSV","0.08","V1 source","3","3","1","3","3","1","3","3","3","V1 source","","","","","S01 S02 S03","repo","2026-09-16","Reference. The DataCite record states a Siemens 840D-SL controller in a lab setting."
"R00b","Brillinger et al. 2025","ref","JOANNEUM-SpinnerU5-630","Spinner U5-630 (5-axis)","Siemens 840D sl v4.8 + Simatic IPC227E edge","lab","milling","FH JOANNEUM CNC machining data repository (V1 target)","10.17632/gtvvwmz7r7.2","Mendeley Data","CC BY 4.0","green","DES_POS, TORQUE, LOAD, ENC_POS, CMD_SPEED, CURRENT, POWER per axis (7 axes)","10","load %, positions","direct (CMD_SPEED)","mixed parts/materials","500 (2 ms, per publisher)","cycle counter","n.d.","2,457 windows","n.d.","7 runs","energy","CSV (zip)","0.19","V1 target, read twice: no longer sealed","3","3","2","2","2","2","3","3","3","V1 target","","","","","S01 S02 S04","repo","2026-09-16","Reference. The publisher documents 2 ms sampling on an IPC227E, which supports etl.ds03_ipo_seconds = 0.002 in writing (still not measured)."
"R01","Ströbel et al. 2025a","1","KIT-DMC60H","Deckel Maho DMC 60 H (3-axis horizontal, retrofitted)","Siemens SINUMERIK 840D + SINUMERIK Edge","lab (industrial parts)","milling","KIT Multimodal Dataset 1 (process monitoring / anomalies)","10.35097/hvvwn1kfwf7qt48z","KIT RADAR","CC BY 4.0","green","ENC_POS, DES_POS, CTRL_POS, TORQUE_FFW, TORQUE (target), CMD_SPEED, VEL_FFW, CURRENT, POWER, LOAD for X/Y/Z/S at 500 Hz; force + acceleration at 10 kHz","10","load %, positions, feed-forward","direct (CMD_SPEED per axis and spindle)","varied parts, tools, strategies, depths and widths of cut; 3 materials","500","yes","≈6","many (runs 99-1,191 s)","many","32 experiments (paper) / 33 (repository)","8 anomaly types incl. tool wear, chatter","JSON, MAT, CSV, NC, STEP (tar)","44.6","unseen machine; same KIT lab as Ströbel et al. (2025b)-Schlagenhauf et al. (2023)","3","3","2","3","3","2","3","3","1","S T A?","2.80","3.00","2.65","2.50","S05 S06","repository + paper","2026-09-16","Same SINUMERIK Edge addresses as the JOANNEUM target (CURRENT, TORQUE, POWER, CMD_SPEED), so its ingestion path is reusable. TORQUE is the drive target torque. Download sits behind the RADAR terms of use."
"R02","Ströbel et al. 2025b","1","KIT-CMX600V","DMG Mori CMX 600 V (3-axis vertical)","Siemens SINUMERIK 840D + SINUMERIK Edge","lab (industrial parts)","milling","KIT Multimodal Dataset 2","10.35097/vnnu3n9z7ndsnhfd","KIT RADAR","CC BY 4.0","green","SINUMERIK Edge ""Analyse MyWorkpiece/Capture"" export at 500 Hz (same app as Ströbel et al. (2025a); per-signal list not re-verified); force (Kistler Z 3393) + spindle acceleration at 10 kHz","10","load %, positions","direct (CMD_SPEED, same app as Ströbel et al. (2025a))","industrial components, tools and strategies; 3 materials","500","yes","n.d.","n.d. (likely many)","n.d.","54 experiments","labelled pictures","JSON, MAT, NC, images (tar)","55.2","unseen machine; never analysed by the team","3","3","2","1","3","2","3","2","1","S? T? A?","2.30","2.70","2.45","2.50","S07 S06","repository (signal list inferred from Ströbel et al. (2025a))","2026-09-16","Best sealed-target candidate: 54 runs, same channel semantics as the JOANNEUM target, CC BY. The per-run duration must be read from the documentation before sealing."
"R03","Ströbel et al. 2023a","1","KIT-CMX600V","DMG Mori CMX 600 V","Siemens Industrial Edge (SINUMERIK)","lab","milling","KIT training and validation dataset 1 (time-series prediction)","10.35097/1462","KIT RADAR","CC BY-NC-ND 4.0","amber","Industrial Edge controller signals at 500 Hz (list n.d. in record)","0","n.d.","n.d. (NC-driven)","train part + validation part, steel and aluminium, with/without workpiece (aircut)","500","yes","n.d.","n.d.","n.d.","several recordings (n.d.)","none","tar","0.79","same machine as Ströbel et al. (2025b)","1","1","2","1","1","0","1","2","2","—","1.20","1.10","1.35","0.80","S08","repository","2026-09-16","Aircut vs cut recordings isolate the process load from the machine dynamics. The ND clause forbids sharing adapted data."
"R04","Ströbel et al. 2023b","1","KIT-DMC60H","Deckel Maho DMC 60 H","Siemens Industrial Edge (retrofit)","lab","milling","KIT training and validation dataset 2 (same series as dataset 1)","10.35097/1738","KIT RADAR","CC BY-NC 4.0","amber","Industrial Edge controller signals at 500 Hz (list n.d. in record)","0","n.d.","n.d. (NC-driven)","same experimental series as Ströbel et al. (2023a), built for cross-machine transfer","500","yes","n.d.","n.d.","n.d.","several recordings (n.d.)","none","tar","0.58","same machine as Ströbel et al. (2025a)","1","1","2","1","1","0","1","2","2","—","1.20","1.10","1.35","0.80","S09","repository","2026-09-16","Ströbel et al. (2023a, 2023b) form a matched cross-machine pair: identical NC programs on two machines, which is exactly a machine-shift control."
"R05","Ströbel et al. 2024","1","KIT-CMX600V+DMC60H","CMX 600 V and DMC 60 H","Siemens Industrial Edge","lab","milling","KIT training and validation dataset 3 (standardised CSV + simulated inputs)","10.35097/fefwiljideoropmh","KIT RADAR","CC BY-NC-ND 4.0","amber","controller signals at 500 Hz + simulated input signals (forces scaled by machine coefficients)","0","simulated forces","n.d.","training part and validation part, steel and aluminium, aircut","500","yes","n.d.","n.d.","n.d.","n.d.","none","CSV (tar)","0.12","derived from Ströbel et al. (2023a)/Ströbel et al. (2023b) (duplicate machines)","1","1","2","1","1","0","1","2","3","—","1.30","1.10","1.35","0.80","S10","repository","2026-09-16","Processed derivative of Ströbel et al. (2023a)/Ströbel et al. (2023b). Useful as a documented CSV template, not as new machines."
"R06","Ströbel et al. 2025c","1","KIT-DMC60H","Deckel Maho DMC 60 H (retrofitted, Kistler 9255C)","Siemens Industrial Edge","lab","milling","KIT part series dataset (time-series prediction)","10.35097/ctvuj6dgzepzmk0g","KIT RADAR","CC BY-NC-ND 4.0","amber","controller signals at 500 Hz (JSON) + forces at 10 kHz (MAT)","0","n.d.","NC codes document the varied setpoints","designed variations of depth of cut, feed rate and spindle speed on 3 geometries x 2 materials","500","yes","n.d.","n.d.","n.d.","n.d. (3 geometries x 2 materials x variations)","none","JSON, MAT (tar)","1.1","same machine as Ströbel et al. (2025a)","1","2","2","1","1","0","1","2","2","—","1.40","1.30","1.60","1.05","S11","repository","2026-09-16","Designed speed, feed and depth variations on the controller stream: an action bench, but NC-ND. The number of levels is not documented in the record."
"R07","Schlagenhauf et al. 2023","1","KIT-16MnCr5-machine","n.d. (KIT wbk milling machine)","n.d. (JSON export at 500 Hz)","lab","milling","Multivariate time series of milling 16MnCr5 (anomaly detection)","10.35097/1398","KIT RADAR","CC BY 4.0","green","controller time series at 500 Hz (JSON); names n.d. in record","0","n.d.","feed 191 vs 1,150 mm/min by tool type (metadata)","7 runs, 2 tool diameters, HSS vs solid carbide, fixed 3 mm depth","500","yes","n.d.","n.d.","n.d.","7 runs (11 zip files)","workpiece anomalies, tool breakage","JSON (zip)","0.22","machine n.d.; may duplicate Ströbel et al. (2025a) or Ströbel et al. (2025b)","1","1","1","1","1","2","3","2","2","—","1.40","1.30","1.30","1.55","S12","repository","2026-09-16","Machine identity must be read from the MDPI Data 7(12):175 paper before any use (dedup risk)."
"R08","Denkena et al. 2023 · M1","1","LUH-M1-Milltap700","DMG Mori Milltap 700 (ball screws)","Siemens Sinumerik 840D sl","lab","milling (shoulder)","LUH IFW milling with varying tool wear and machine tools (M1)","10.17632/zpxs87bjt8.3","Mendeley Data","CC BY 4.0","green","torque_spindle, torque_axis x/y/z, tool_position x/y/z, position_control_deviation x/y/z at 500 Hz; dynamometer forces at 25 kHz","4","positions, following error","feed derivable from tool_position; commanded speed/feed not included","identical parameters on all machines (ap = 2 mm); tool wear varies","500","yes","n.d.","n.d. (one operation per file)","n.d.","9 tools over M1-M3 (split n.d.); ≈2,147 files on M1 (paper summary)","flank wear VB (interpolated between measurements)","HDF5","≈10 (6,418 files × ≈1.6 MB; API listing capped at 1,000)","unseen machine","2","2","0","1","1","3","3","3","2","S? P","2.00","1.85","1.35","2.00","S13 S14","repository + paper","2026-09-16","The only public set with the same process on three machines, a clean machine-shift test. No action diversity."
"R09","Denkena et al. 2023 · M2","1","LUH-M2-HSC30linear","DMG Mori HSC 30 linear (direct drives)","Siemens Sinumerik 840D sl","lab","milling (shoulder)","LUH IFW milling dataset (M2)","10.17632/zpxs87bjt8.3","Mendeley Data","CC BY 4.0","green","torque_spindle, force_axis x/y/z (linear motors), tool_position, position_control_deviation at 500 Hz","1","axis force (N), positions","feed derivable from tool_position","identical parameters; tool wear varies","500","yes","n.d.","n.d.","n.d.","9 tools over M1-M3 (split n.d.); ≈2,136 files on M2","flank wear VB","HDF5","see Denkena et al. (2023, M1)","unseen machine","1","2","0","1","1","3","3","3","2","S? P","1.70","1.60","1.20","2.00","S13 S14","repository + paper","2026-09-16","Linear direct drives report force, not torque: this is a new channel under the no-substitution rule."
"R10","Denkena et al. 2023 · M3","1","LUH-M3-HSC55linear","DMG Mori HSC 55 linear (direct drives)","Heidenhain iTNC 530","lab","milling (shoulder)","LUH IFW milling dataset (M3)","10.17632/zpxs87bjt8.3","Mendeley Data","CC BY 4.0","green","torque_spindle, force_axis x/y/z, tool_position, position_control_deviation at 500 Hz","1","axis force (N), positions","feed derivable from tool_position","identical parameters; tool wear varies","500","yes","n.d.","n.d.","n.d.","9 tools over M1-M3 (split n.d.); ≈2,135 files on M3","flank wear VB","HDF5","see Denkena et al. (2023, M1)","unseen machine; different controller brand","1","2","0","1","1","3","3","3","2","S? P","1.70","1.60","1.20","2.00","S13 S14","repository + paper","2026-09-16","Heidenhain controller: the only verified cross-controller pair with an identical process (M2 vs M3)."
"R11","Kim et al. 2026 · Hurco VM20i","1","Purdue-HurcoVM20i","Hurco VM20i (3-axis)","Hurco WinMax + MTConnect","lab","milling","Purdue MSM multi-sensor + MTConnect (imi_vm20i)","10.34740/kaggle/ds/8392825","Kaggle","CC BY 4.0","green","MTConnect ≈1 s: spindle speed, override, axis load, tool number, axis position, machine state; power meter (W, main line); sound 48 kHz; accelerometers 51.2 kHz","0","axis load %, machine power, override","spindle speed + override; feed derivable from positions","lab plan: several feeds, depths, widths, up/down milling, 3 materials","≈1 (MTConnect)","yes","3.27","yes (≈3 h)","no (1 s updates)","n.d. (experiment units in label.csv)","normal / abnormal / tool defect labels","CSV, WAV, NC, video","n.d.","unseen machine","1","2","2","2","1","2","3","3","2","S","1.90","1.70","2.00","1.95","S15","paper","2026-09-16","MTConnect axis load % is semantically close to the Sinumerik LOAD address (JOANNEUM and KIT exports). It is a candidate shared new channel, not a current."
"R12","Kim et al. 2026 · Hurco VMX30Ui","1","Purdue-HurcoVMX30Ui","Hurco VMX30Ui (5-axis)","Hurco WinMax + MTConnect","lab","milling","Purdue MSM (imi_vmx30ui)","10.34740/kaggle/ds/8392825","Kaggle","CC BY 4.0","green","as Kim et al. (2026, Hurco VM20i) (no accelerometers on this machine)","0","axis load %, machine power","spindle speed + override; feed derivable","lab plan as Kim et al. (2026, Hurco VM20i)","≈1","yes","1.62","yes (≈1.6 h)","no","n.d.","labels","CSV, WAV","n.d.","unseen machine","1","2","2","2","1","2","3","3","2","S","1.90","1.70","2.00","1.95","S15","paper","2026-09-16","5-axis Hurco."
"R13","Kim et al. 2026 · Haas VF-10","1","Purdue-HaasVF10","Haas VF-10 (3-axis, production)","Haas NGC + MTConnect adapter","industry (TMF Center)","milling","Purdue MSM (tmf_vf10)","10.34740/kaggle/ds/8392825","Kaggle","CC BY 4.0","green","MTConnect ≈1 s (spindle speed, load, position, state); current transformer on first power line at 0.1 Hz; sound","0","axis load %, line current","spindle speed; feed derivable","production (observational)","≈1","yes","3.31","yes (≈3.3 h)","no","n.d.","labels (97.5 % normal)","CSV, WAV","n.d.","unseen machine","1","2","1","2","1","2","3","3","2","S","1.90","1.70","1.65","1.80","S15","paper","2026-09-16","Real production data; actions are confounded with part geometry."
"R14","Sun n.d.","1","Michigan-SMART-mill","CNC mill, SMART testbed (model n.d.)","n.d. (Rockwell Cloud Collector Agent)","lab","milling (wax)","CNC Mill Tool Wear (University of Michigan)","kaggle:shasun/tool-wear-detection-in-cnc-mill","Kaggle","CC0 (Public Domain)","green","X1/Y1/Z1/S1 actual and commanded position, velocity, acceleration; CurrentFeedback, DCBusVoltage, OutputCurrent, OutputVoltage, OutputPower; program, sequence, feedrate, machining process","7","output voltage, acceleration","direct (CommandVelocity per axis and spindle)","designed: feed rate × clamp pressure (2.5/3.0/4.0 bar) × tool condition","10","yes","≈0.6 (18 × 46-233 s)","few","yes","18 experiments","tool worn/unworn, passed visual inspection, completed","CSV","0.012","unseen machine","3","3","3","1","3","2","3","1","3","S? T? A","2.40","2.60","2.80","2.65","S16 S17","repository (Kaggle API)","2026-09-16","Cleanest action bench (commanded velocities + designed feed). Weak points: wax (low loads), short runs, known faulty readings flagged by the authors."
"R15","Schmitt & Engelmann 2024","1","THWS-HermleC600U","HERMLE C600 U (5-axis, contract manufacturer)","Heidenhain iTNC 530","industry (Pabst Komponentenfertigung)","milling","THWS series production data set for 5-axis CNC milling","10.5281/zenodo.10853254","Zenodo","CC BY 4.0","green","20 NC features; verified subset: ProgramStatus, ToolNumber, PocketTable, DriveStatus, door status, OverrideFeed, FeedRate, SpindleSpeed","0","status, override","FeedRate (path) + SpindleSpeed","series production (observational), 13 series with changeovers","n.d.","yes","n.d.","n.d.","n.d.","13 production series","up to 23 phase labels","CSV","0.02","different machine from the THWS source (lab Spinner U5-620)","0","2","1","1","2","1","3","3","3","—","1.50","1.60","1.40","1.60","S18 S19","repository + paper","2026-09-16","Not the THWS source machine, which corrects the plan hypothesis. 12 of the 20 features are unverified (MDPI blocked, Zenodo down on 2026-09-16)."
"R16","Abdul Hadi 2021","1","JOANNEUM-SpinnerU5-630","Spinner U5-630 (FH JOANNEUM, V1 target machine)","Siemens 840D sl v4.8 + Simatic IPC227E","lab","milling","HF-dataset from Edge Device (2021)","10.17632/w35nf2fw5m.1","Mendeley Data","CC BY 4.0","green","verified header: DES_POS, TORQUE, LOAD, ENC1/ENC2/ENC_POS, CMD_SPEED, CTRL_DIFF, CTRL_DIFF2, CURRENT, POWER for X1, Y1, Z1, B1, SP1, C1, MAG1 (78 fields per row)","10","load %, positions, following error","direct (CMD_SPEED)","12 spindle-power input levels (2.5-20 kW) at fixed 10,000 rpm; 2 parts","500","probe counter","≈1.3 (estimate: 23 files × ≈200 s, from file size and row width)","yes (≈150 per file, estimate)","yes","23 experiments","energy","JSON","1.5","same machine as the V1 target (Brillinger et al., 2025)","3","3","2","2","3","2","3","3","2","S A?","2.70","2.90","2.55","2.50","S20 S21 S04","sample header (verified)","2026-09-16","Adds 23 never-read runs to the JOANNEUM machine. Not a new machine, but lifts it from 7 to 30+ units for adaptation and action tests."
"R17","Wuwer & Brillinger 2021","1","JOANNEUM-SpinnerU5-630","Spinner U5-630 (FH JOANNEUM, V1 target machine)","NCU (Sinumerik 840D sl)","lab","milling","Energy consumption for a CNC machining process (2021)","10.17632/7cghj7fffp.1","Mendeley Data","CC BY 4.0","green","raw NCU JSON (partA, partB) + NC-line/energy matched CSV","10","NC line","direct (NCU, as Abdul Hadi (2021))","2 parts","n.d. (NCU raw)","yes","n.d.","n.d.","n.d.","2 parts","energy per NC line","JSON, CSV","0.40","same machine as the V1 target (Brillinger et al., 2025)","2","2","1","1","0","2","3","2","2","S?","1.90","1.50","1.70","1.65","S22 S21 S04","repository","2026-09-16","Same machine as the JOANNEUM target per its 2025 data paper. Channel count assumed from the same NCU export (not re-verified)."
"R18","Peralta Abadia et al. 2025","1","MU-LagunL1000","LAGUN L1000 (vertical machining centre)","Fagor CNC 8065","lab","face milling","MU-TCM face-milling dataset","10.48764/3hdp-gf23","Mondragon eBiltegia","CC BY 4.0","green","16 internal signals at 250 Hz: SREAL, FREAL, TV50 (spindle power kW), TV51, CV3_S/X/Y/Z (RMS current), TV2_S/X/Y/Z (torque), POS; forces, vibration at 50 kHz; AE at 1 MHz","9","actual feed, positions","actual speed/feed + designed setpoints","designed: vc 50/100/200 m/min × f 0.05-0.2 mm/rev × VB 0-0.3 mm × 2 materials","250","yes","short","0 (4-36 s cutting per test)","yes","32 experiments","flank wear VB (measured)","MAT, CSV","n.d.","unseen machine; new controller brand","3","2","3","0","3","3","3","3","2","A P","2.10","2.50","2.45","2.75","S23","paper","2026-09-16","Nine of the ten transfer channels on a Fagor controller with a clean speed × feed plan, but no 48 s window at 1 Hz. Usable only on a ≥10 Hz grid."
"R19","Duo et al. 2019","1","MU-Lagun-VMC","Lagun vertical machining centre (model n.d.)","n.d.","lab","drilling","Drilling test data from new and worn bits","10.48764/myma-ys63","Mondragon eBiltegia","CC BY 4.0","green","internal machine signals + thrust force + cutting torque at 250 Hz","0","n.d.","fixed per geometry","fixed cutting conditions; wear varies","250","yes","short","0 (one hole per file)","n.d.","90 holes","tool wear level","CSV","n.d.","possibly same machine family as Peralta Abadia et al. (2025)","1","1","0","0","3","3","3","2","3","P","1.30","1.70","0.85","2.05","S24","repository","2026-09-16","Internal signal names not listed in the record."
"R20","Vicomtech n.d.","1","MU-lathe","CNC lathe (model n.d., Mondragon facilities)","n.d.","lab","turning","Vicomtech machine tool wear dataset","github:Vicomtech/dataset-machine-tool-wear","GitHub","CC BY-SA 4.0","amber","AE, 2 triaxial accelerometers, forces, spindle and X-axis motor currents and voltages, power, torque, encoder speed, programmed feed","3","motor voltage","programmed feed + spindle speed","13 tools","n.d.","n.d.","0.57 (2,054 × 1 s)","0 (1 s segments)","n.d.","13 tools","remaining useful life","table (segments)","0.001","unseen machine","2","2","1","0","2","3","2","2","3","P","1.70","1.80","1.45","2.20","S25","repository","2026-09-16","Distributed as 1 s segments (1.4 MB repository), so G2 is doubtful: these look like segment features, not raw series."
"R21","Dreyer et al. 2026","1","HESSO-Micro5","Micro5 (5-axis micro machine, <10 kg moving mass)","ISG kernel (kinematics type 57)","lab","micro milling","Machining quality prediction (AE, accelerometers, axis currents)","10.5281/zenodo.6505073","Zenodo","CC BY-NC-ND 4.0","amber","axis currents X, Y, Z, B, C + spindle at 1 kHz; AE 100 kHz; 8 accelerometers 2 kHz","4","B/C currents","n.d. (spindle 33,000 rpm)","milling direction, stair count, lubrication","1000","yes","n.d.","n.d.","n.d.","6 experiments","machining quality","n.d.","n.d.","unseen machine","2","1","1","1","1","3","1","2","2","P","1.50","1.35","1.15","1.70","S26","paper","2026-09-16","NC-ND licence; micro-scale dynamics far from Martinez et al. (2025)."
"R22","Sáinz de la Maza et al. 2025","1","CFAA-large-RLLLR","Large 5-axis machining centre, RLLLR (84 kW head, C table), model n.d.","Siemens SINUMERIK 840D sl","research centre (CFAA)","axes heating tests","Large scale machine tool axes heating data","10.5281/zenodo.16579804","Zenodo","CC BY 4.0","green","1 Hz internal CNC variables for X, Y, Z, A, C and spindle: PositionActual, Speed, Load %, Power kW, Intensity A, Temperature °C; ControllerMode, ExecutionState; plus 49 thermocouples + 14 deformation sensors","10","load %, A/C axes","derivable (actual speeds, positions)","programmed heating cycles (details n.d.)","1","yes (ISO + epoch)","n.d. (3 non-continuous days)","likely many (1 Hz native)","no","3 days","thermal deformation (IDS), temperatures","XLSX","n.d.","unseen machine","3","2","1","2","1","3","3","2","3","S P","2.50","2.10","1.95","2.15","S27","repository (full description)","2026-09-16","Only candidate that carries the motor temperatures the THWS source has and the JOANNEUM target lacks, natively at 1 Hz. Few independent units."
"R23","Dominguez Caballero et al. 2023","1","Sheffield-DMU40eVo","DMG Mori DMU 40 eVo linear (5-axis)","n.d.","lab (AMRC)","milling + fingerprint routine","Sensor signals for machine tool and process health assessment","10.15131/shef.data.24125715.v1","ORDA (figshare)","CC BY 4.0","green","n.d. in record (16 segmented MAT files, 26 GB)","0","n.d.","feed and spindle override reductions (6-10 %) in the fingerprint routine","interventions: heavy/unbalanced tool, override, misalignment, cracks, wear; spindle 5,000 / 12,000 rpm","n.d.","n.d.","n.d.","n.d.","n.d.","24 workpieces + routine repeats","fault class labels","MAT","26.2","unseen machine","0","1","2","1","3","2","3","2","1","—","1.00","1.55","1.50","2.00","S28 S62","repository","2026-09-16","Deliberate interventions on a fingerprint routine are rare and valuable, but the signal list must be read from Readme.txt (not downloaded)."
"R24","Piecuch & Żabiński 2025","1","Rzeszow-HaasVF1","Haas VF-1 (3-axis)","Haas + Beckhoff C6920 acquisition","lab","milling","Open milling dataset for tool life (Rzeszów)","10.6084/m9.figshare.28589216","figshare + Kaggle","CC BY 4.0","green","12 current transformers (spindle L1-L3; X/Y/Z axes L1-L3) at 0.5 kHz; 8 accelerometers at 25 kHz (header of the features file verified)","4","phase currents (external CT)","cycle metadata only (ADOC, RDOC)","ADOC 5/10 mm × RDOC 4.5/8 mm, optimal and non-optimal","500 (currents)","yes","n.d.","n.d.","n.d.","14 tools, 968 cycles","tool life to failure","CSV (25.3 GB zip) + features CSV","25.3","unseen machine","2","1","2","1","2","3","3","3","1","P","1.70","1.90","1.80","2.20","S29","sample header (features file)","2026-09-16","External CT phase currents are equivalent to drive currents only after an RMS transform, and that equivalence must be audited. The features file holds per-cycle aggregates."
"R25","Li et al. 2024","2","JUST-DX650","DX-650 high-speed CNC mill","n.d.","lab","milling","JUST_CAS multi-sensor milling dataset","10.17632/8jk3kyxmbn.1","Mendeley / Zenodo / openICPSR","CC BY 4.0","green","forces X/Y/Z, spindle vibration, noise, 3-phase spindle current (U, V, W) at 50 kHz","1","phase current","setpoints as metadata","designed: 5,000-10,000 rpm × 800-1,600 mm/min × depth × width; 2 materials","50000","yes","0.03 (115 × 1 s)","0 (1 s samples)","0","115 samples","n.d.","XLSX","0.44","unseen","1","1","3","0","3","0","3","3","3","A","1.40","1.80","1.90","1.45","S30","paper","2026-09-16","50,000 points per sample = 1 s: no world-model window."
"R26","Li Y. 2021","2","NUAA-DMU","milling machine (n.d.; ""DMU"" appears only in a user comment)","n.d.","lab","milling","Tool wear dataset of NUAA_Ideahouse","10.21227/3aa1-5e83","IEEE DataPort (login)","CONFLICT: CC BY 4.0 (DataCite) vs ""copyright reserved"" (page)","amber","cutting force, vibration, spindle current and power, controller data","2","n.d.","controller data (n.d.)","sidewall (fixed) and closed pockets (continuously varying engagement)","n.d.","n.d.","n.d.","n.d.","n.d.","n.d.","tool wear","ZIP","0.13","unseen","1","1","2","1","1","3","1","2","2","P","1.20","1.10","1.35","1.85","S31","repository","2026-09-16","The licence conflict must be resolved with the authors before any use."
"R27","Pratap et al. 2024","2","Taiwan-DT-CNC","CNC machining centre (model n.d.)","n.d.","lab","milling (Kakino path)","Digital Twin for CNC Power Dataset","10.17632/4m9n7zzvwk.1","Mendeley Data","CC BY 4.0","green","power logs (small TXT per run; content n.d.) + NC program + video + virtual simulation","0","n.d.","designed setpoints","designed: 5 spindle speeds (S1920-S2450) × feeds × 5 depths (ap1-ap5)","n.d.","n.d.","n.d.","n.d.","n.d.","dozens of cut/aircut runs","power consumption","TXT, XLSX, video","0.10","unseen","1","1","3","1","2","2","3","2","3","A?","1.50","1.55","2.00","2.00","S32","repository","2026-09-16","Pairs of cut and aircut runs exist for each setpoint. Signal content needs the Readme (not downloaded)."
"R28","Anas uddin et al. 2024","2","Verona-PrintMill","CNC milling machine (model n.d.)","n.d.","lab","milling of 3D-printed parts","Print+Mill Dataset","10.5281/zenodo.12793026","Zenodo","CC BY 4.0","green","feed rate, spindle speed, G-code parameters, temperature, power; machine state-change logs","1","n.d.","feed, spindle speed","multi-material","n.d.","n.d.","n.d.","n.d.","n.d.","n.d.","workpiece images","CSV, PKL, images","n.d.","unseen","1","2","1","1","1","2","3","1","2","S?","1.50","1.40","1.55","1.80","S33","repository","2026-09-16","Work-in-progress dataset (ETFA 2024). Details unavailable while Zenodo is down."
"R29","Tapia Fernandez et al. 2024","2","CFAA-Ibarmia+GMTK","Ibarmia THR-16 and GMTK VR 2.4","n.d.","research centre (CFAA)","milling","Milling tests in 2 machining centres: energy consumption","10.5281/zenodo.14445879","Zenodo","CC BY 4.0","green","energy consumption records (details n.d.)","0","energy","n.d.","milling tests Jul-Nov 2023","n.d.","n.d.","n.d.","n.d.","n.d.","n.d.","energy","n.d.","n.d.","unseen","0","0","1","1","1","2","3","1","2","X","0.80","0.75","0.90","1.30","S34","repository","2026-09-16","Two more machine builders; content must be re-checked when Zenodo is back."
"R30","Tnani et al. 2022","2","Bosch-M01-M03","3 production machining centres (M01, M02, M03)","n.d.","industry (Bosch plant)","milling (15 operations)","Bosch CNC Machining dataset","github:boschresearch/CNC_Machining","GitHub (+ Kaggle CSV mirror)","BSD-3-Clause (repository)","green","tri-axial acceleration at 2 kHz","0","vibration","absent","production, 2018-2021","2000","segments","n.d.","n.d.","n.d.","3 machines × 15 operations","good / bad labels","HDF5","0.9 (repo) / 2.95 (CSV mirror)","unseen","0","0","1","1","2","2","3","3","3","X","1.10","1.20","0.90","1.45","S40","repository","2026-09-16","Three machines with an identical sensor: machine-shift in vibration space, no actions."
"R31","Agogino & Goebel 2007","2","NASA-MatsuuraMC510V","Matsuura MC-510V","n.d.","lab (UC Berkeley BEST)","milling","NASA PCoE Milling data set","nasa-pcoe:milling","NASA PCoE (S3)","no explicit licence (use at own risk, cite)","amber","AC and DC spindle motor current, table/spindle vibration, table/spindle AE","1","DC spindle current","setpoints as metadata","designed: DOC 1.5/0.75 mm × feed 413/206.5 mm/min × 2 materials","n.d. in sources read","n.d.","n.d.","n.d.","n.d.","16 cases","flank wear VB","MAT (zip)","n.d.","unseen","1","1","2","1","3","3","1","2","3","P","1.30","1.60","1.35","2.15","S41","paper + repository page","2026-09-16","Classic benchmark; per-run duration not confirmed in the sources read."
"R32","PHM Society 2010","2","PHM2010-RodersRFM760","Röders Tech RFM760","n.d.","lab","high-speed milling","PHM 2010 data challenge","ieee-dataport:2010-phm-society-conference-data-challenge","PHM Society / IEEE DataPort (subscription)","restricted / unclear","red","dynamometer, accelerometer, AE at 50 kHz","0","forces","constant (10,400 rpm, 1,555 mm/min)","constant parameters","50000","n.d.","n.d.","n.d.","n.d.","6 cutters × 315 cuts","flank wear","CSV","n.d.","unseen","0","0","0","1","1","3","0","2","1","—","0.50","0.55","0.10","1.20","S42","secondary","2026-09-16","No action diversity and paid access through IEEE DataPort."
"R33","Rizwan 2026","2","SANJI-VMC650","SANJI VMC 650 (3-axis)","n.d. (external Arduino DAQ)","industry","milling","Spindle vibration and current, low-cost DAQ","10.5281/zenodo.21608173","Zenodo","CC BY 4.0","green","spindle motor current (SCT-013 transformer) + 6-axis IMU","1","IMU","constant (1,800 rpm, 1,500 mm/min)","constant, production","n.d.","yes","n.d.","n.d.","n.d.","24 tool-wear cycles","tool wear cycle","n.d.","n.d.","unseen","1","0","0","1","3","3","3","1","2","X","1.10","1.50","0.70","1.80","S43","repository","2026-09-16","Long production cycles, but no actions."
"R34","Denkena et al. 2026","2","LUH-lathe","IFW lathe (model n.d.)","n.d.","lab","longitudinal turning","Multivariate time series for surface roughness and dimensional error in turning","10.25835/9xffqwnc","LUIS (LUH)","CC BY 3.0","green","""multivariate time series"" (record); controller signals claimed by a secondary summary only","0","n.d.","designed setpoints","designed: feed × cutting speed × depth × material","n.d.","n.d.","n.d.","n.d.","n.d.","n.d. (per cut)","surface roughness + diameter deviation per cut","HDF5","0.98","unseen","1","1","3","1","1","3","3","2","2","A? P","1.40","1.30","2.00","2.20","S45","repository (signal list unverified)","2026-09-16","Strong planning candidate (actions to quality). The signal list must be verified from the file itself."
"R35","Harigovind et al. 2025","2","Kirloskar-TM40","Kirloskar Turnmaster 40 lathe","n.d.","lab","turning (Inconel-625)","Sensor-based turning dataset for surface roughness","10.17632/ybyhxv4czd.3","Mendeley Data","CC BY 4.0","green","tri-axial acceleration + 6-component dynamometer","0","forces, moments","setpoints as metadata","designed 3 × 3 × 3: 400/630/1,000 rpm × 0.05/0.1/0.16 mm/rev × 0.2/0.4/0.6 mm","n.d.","yes","n.d.","n.d.","n.d.","27 runs","surface roughness","CSV","4.4","unseen","0","1","3","1","3","3","3","3","3","A? P","1.30","1.65","1.85","2.50","S48","repository + paper","2026-09-16","Full factorial plan, but no drive signals."
"R36","Schibsdat 2026","2","TUHH-lathe","TUHH IPMT CNC lathe (model n.d.)","n.d.","lab","longitudinal turning","ExtraDrey tool wear experiment dataset","10.15480/882.17237","TUHH TORE","Public Domain Mark","green","forces, tool-side acceleration, AE, rake-face temperature","0","forces","fractional factorial setpoints","fractional factorial design, 2 materials","n.d.","yes","n.d.","0 (30 s experiments)","yes","n.d. (cutting edges to failure)","max flank wear","n.d.","n.d.","unseen","0","1","3","0","1","3","3","2","2","A? P","0.90","0.95","1.75","2.20","S44","repository","2026-09-16","30 s experiments."
"R37","Artabe Zamalloa et al. 2026","2","DIPC-drilling","n.d.","n.d.","lab","drilling (Inconel 718)","Tool wear in drilling of Inconel 718 plates","10.82518/ttacdo","DIPC Dataverse","CC BY 4.0","green","machine signals per hole (see README)","0","n.d.","different cutting conditions per drill","7 drill bits, varied conditions","n.d.","n.d.","short","n.d.","n.d.","7 drills","flank wear","ZIP, CSV","0.026","unseen","0","1","2","1","1","3","3","1","3","P","1.10","0.95","1.50","2.05","S47","repository","2026-09-16","README not read."
"R38","QIT milling dataset 2024","2","QIT-Ti-mill","n.d.","n.d.","lab","milling (Ti6Al4V)","Milling dataset from QIT (full tool life)","10.6084/m9.figshare.27323346.v2","figshare","CC BY 4.0","green","rotary dynamometer force and torque, vibration, sound","0","forces","n.d.","complex circumferential paths","n.d.","n.d.","n.d.","n.d.","n.d.","68 samples (≈5 M rows each)","wear images and values","RAR","11.7","unseen","0","0","1","1","3","3","3","1","1","X","0.70","1.25","0.90","1.95","S59","repository","2026-09-16","Wear-oriented, external sensors only."
"R39","Inconel 718 BBD dataset 2024","2","Inconel-BBD-mill","n.d.","n.d.","lab","milling (Inconel 718)","Multi-sensor power prediction, Box-Behnken design","10.7910/dvn/1g3ssb","Harvard Dataverse","CC BY-NC 4.0","amber","dynamometer, accelerometer, AE, power readings","0","power (location n.d.)","designed setpoints","Box-Behnken design, several geometric profiles","n.d.","n.d.","n.d.","n.d.","n.d.","n.d.","power, power per unit material","n.d.","≈0.5","unseen","1","1","3","1","1","2","1","2","2","A?","1.20","1.10","1.70","1.65","S58","repository","2026-09-16","NC licence."
"R40","Haber Guerra et al. 2022","2","GAMHE-mills","GAMHE 5.0 pilot line machines (n.d.)","n.d.","pilot line (CSIC)","micro and macro milling","AI for quality control: micro/macro milling","10.5281/zenodo.6303449","Zenodo","CC BY 4.0","green","vibration + cutting parameters","0","vibration","cutting parameters","n.d.","n.d.","n.d.","n.d.","n.d.","n.d.","n.d.","surface roughness","n.d.","n.d.","unseen","0","1","1","1","1","3","3","1","2","P","1.00","0.95","1.15","1.90","S50","repository","2026-09-16","Quality-oriented."
"R41","CNC Solutions et al. 2025","2","iCNC-2sites","CNC machines at 2 sites (CNC Solutions, LMS Patras)","n.d.","industry + lab","milling","i-CNC chatter vibration dataset","10.5281/zenodo.15308467","Zenodo","CC BY 4.0","green","vibration + AI-derived chatter indicator","0","vibration","absent","trial events","n.d.","n.d.","n.d.","n.d.","n.d.","2 files","chatter indicator (model-generated)","CSV","n.d.","unseen","0","0","0","1","0","1","3","1","3","X","0.90","0.50","0.55","0.65","S51","repository","2026-09-16","The labels come from a model, not from ground truth."
"R53","Denkena et al. 2024","2","LUH-lathe","IFW lathe (model n.d.)","n.d.","lab","longitudinal turning (hybrid Al-steel)","Anomaly detection for hybrid workpieces using DTW","10.25835/ph65zrpv","LUIS (LUH)","CC BY-NC 3.0","amber","process signals (names n.d. in record)","0","n.d.","n.d.","error-free runs vs artificial grooves","n.d.","n.d.","n.d.","n.d.","n.d.","n.d.","groove location labels","n.d.","0.41","unseen; probably the same lathe as Denkena et al. (2026)","0","0","1","1","1","2","1","1","2","X","0.60","0.55","0.60","1.10","S46","repository","2026-09-16","Probably the Denkena et al. (2026) lathe (same institute and authors); NC licence."
"R42","ISW Stuttgart 2025","3","ISW-5axis-feeddrives","ISW five-axis milling machine (feed drives)","frequency inverter, PI velocity + P position","lab (Univ. Stuttgart)","axis motion (no cutting)","ISW feedforward / sliding-mode datasets (DaRUS 4513, 3900, 6114, 4746)","10.18419/darus-4513","DaRUS","CC BY 4.0","green","setpoints, feedforward, measured axis states (MAT/NetCDF; see setup.txt)","0","setpoint trajectories","direct (designed setpoints, sweeps)","system identification: constant velocities, sweeps, PRBS","n.d.","yes","n.d.","n.d.","n.d.","many measurements","tracking error","MAT, NetCDF","≈0.3","n/a","1","3","3","1","2","2","3","3","2","A","1.90","2.05","2.50","2.50","S36","repository","2026-09-16","Real excitation signals on a machine tool axis give action identifiability at the axis level."
"R43","Hinze et al. 2022–2023","3","ISW-ballscrew-bench","ISW ball screw + linear direct drive test bench","cascaded P-PI / sliding mode","lab","axis motion","ISW ball screw datasets (DaRUS 3252, 3292, 3152, 3003, 3109, 2563)","10.18419/darus-3003","DaRUS","CC BY 4.0 (2563, 3109); not stated in DataCite for 3252, 3292, 3152, 3003","amber","motor force/current, positions, velocities, nut forces (MAT)","0","nut force","direct (PRBS, sweeps, disturbance steps)","system identification","n.d.","yes","n.d.","n.d.","n.d.","many measurements","tracking error","MAT","n.d.","n/a","0","3","3","1","2","2","2","3","2","A","1.50","1.70","2.20","2.40","S37","repository","2026-09-16","Axis-level interventions; part of the licence metadata is missing."
"R44","Villoria et al. 2026","3","Leon-ballscrew","precision ball-screw feed axis bench","servo motion control","lab (Univ. León)","axis positioning","State-dependent ball-screw positioning error dataset","10.5281/zenodo.22768582","Zenodo","CC BY 4.0","green","commanded displacement, velocity, direction, laser interferometer error, temperatures","0","positioning error","direct (systematically varied kinematics)","designed kinematic conditions","n.d.","n.d.","n.d.","n.d.","n.d.","n.d.","positioning error","n.d.","n.d.","n/a","0","3","3","1","1","3","3","2","2","A P","1.50","1.45","2.35","2.70","S38","repository","2026-09-16","Action → outcome at the axis level."
"R45","Yao 2025","3","ballscrew-qaxis","ball screw test bench","self-sensing motor drive","lab","axis motion","Current and vibration signals for ball screw feed drive","10.21227/5vj0-3132","IEEE DataPort","CC BY 4.0","green","q-axis current at 800 Hz, worktable acceleration at 4 kHz","0","q-axis current","n.d.","healthy vs bent screw","800","n.d.","n.d.","n.d.","n.d.","n.d.","health class","n.d.","n.d.","n/a","0","0","1","1","1","2","3","1","2","X","0.80","0.75","0.90","1.30","S39","repository","2026-09-16","Fault classification bench."
"R46","Mehling et al. 2025","3","causRCA-lathe","industrial vertical lathe (KAMAX production; Schuster)","CNC via OPC UA; ISG hardware-in-the-loop twin","industry + HIL","turning (auxiliary systems)","causRCA","10.5281/zenodo.15876410","Zenodo","Apache-2.0","green","92 machine variables (probe, hydraulics, coolant, other), change-based OPC UA timestamps","0","auxiliary-system variables","fault injections in the HIL twin","170 normal real-operation sets + 100 fault sets (19 scenarios)","event-based","value-change times (ordering not guaranteed)","n.d.","n.d.","n.d.","270 datasets","root-cause labels + expert causal graph (92 nodes, 104 edges)","CSV, GML","n.d.","n/a","0","2","3","1","3","3","3","2","2","A P","1.30","1.75","2.10","2.75","S35","repository (full description)","2026-09-16","Only public machine-tool data with a ground-truth causal graph and known interventions, directly relevant to App. F."
"R47","SPARK dataset 2026","3","KIT-SPARK-22","22 industrial machines incl. DMG Mori DMU 125 monoBLOCK, mills, lathes","n/a (grid meters)","KIT Campus North workshop","mixed","SPARK high-resolution energy data","10.35097/bjdg3m3rg5jv3skk","KIT RADAR","CC BY 4.0","green","3-phase voltages and currents, active/reactive/apparent power, harmonics, THD at 5 s","0","grid-side power","absent","observational, 1-7 years","0.2","yes","years","no (5 s grid)","no","22 machines","none","CSV.XZ","n.d.","n/a","0","0","1","0","3","0","3","3","2","X","0.80","1.35","0.80","0.90","S49","repository","2026-09-16","Grid-side power is not spindle power. Long-horizon load profiles only."
"R48","Randomized-load motor dataset n.d.","3","motors-randomized","industrial AC motors 1-7.5 HP + HVAC motor","variable frequency drive","lab","motor test bench","Vibration, current, torque, RPM under randomized speed and load","10.17632/9r82jppsn7.1","Mendeley Data","CC BY 4.0","green","3-phase current at 100 kHz, vibration and torque at 25.6 kHz, RPM","0","motor-level","direct (VFD speed fluctuation 0-16 %, brake load 0/30/60/90 %)","randomized speed and load + faults","25600-100000","yes","n.d.","n.d.","n.d.","many recordings (>60 GB)","fault class","n.d.",">60","n/a","0","3","3","1","2","2","3","3","1","A","1.50","1.80","2.35","2.50","S53","paper","2026-09-16","Randomized interventions on drives."
"R49","Downs & Vogel 1993","3","TEP","Tennessee Eastman process (simulation)","simulated plant control","simulation","chemical process","Tennessee Eastman Process Dataset","10.21227/n7q3-4b49","IEEE DataPort","CC BY 4.0","green","process measurements + manipulated variables","0","n/a","direct (manipulated variables)","faults + normal operation","n.d.","yes","n.d.","n.d.","n.d.","n.d.","fault labels","n.d.","n.d.","n/a","0","3","2","1","2","2","3","2","2","A?","1.50","1.70","2.00","2.35","S54","repository","2026-09-16","A standard control benchmark for sanity-checking action conditioning outside CNC."
"R50","Pamplin 2026","3","Nottingham-robot-drill","Fanuc M800-iA robot + drilling end-effector","Fanuc 0i-F CNC","lab","robotic drilling","Robotic drilling cycles with anomalies","10.17639/nott.7629","Nottingham Research Data","CC BY-NC 4.0","amber","n.d. in record","0","n.d.","fixed (2,000 rpm, 150 mm/min) + anomalies incl. incorrect parameters","109 normal + 18 anomalous cycles","n.d.","n.d.","short","n.d.","n.d.","127 cycles","anomaly labels","n.d.","n.d.","n/a","0","1","1","1","3","2","1","1","2","—","0.80","1.25","0.85","1.65","S52","repository","2026-09-16","Fanuc CNC controller on a robot; NC licence."
"R51","Hedberg et al. 2016","3","NIST-SMS","NIST Manufacturing Lab (Mazak, Hurco)","MTConnect","lab","milling / turning","SMS Test Bed volatile data stream + query-able repository","10.18434/t4fk54","NIST","NIST open licence","green","MTConnect data items","0","MTConnect items","MTConnect","observational","event-based","yes","n.d.","n.d.","n.d.","n.d.","n.d.","XML","n.d.","n/a","0","1","1","1","1","0","3","2","0","—","0.90","1.05","1.15","0.85","S55","repository; service unreachable","2026-09-16","G1 fails today: smstestbed.nist.gov did not answer on 2026-09-16. Re-check."
"R52","KAMP n.d.","3","KAMP-CNC","Korean SME CNC equipment (n.d.)","n.d.","industry","machining","KAMP manufacturing AI datasets (CNC)","portal:kamp-ai.kr","KAMP portal","registration; redistribution of original data restricted","red","spindle speed, feed, depth; vibration, noise, temperature; roughness, dimensions (secondary source)","0","n.d.","setpoints","n.d.","n.d.","n.d.","n.d.","n.d.","n.d.","n.d.","quality","n.d.","n.d.","n/a","0","1","1","1","1","2","0","0","0","—","0.40","0.55","0.70","1.25","S56","secondary","2026-09-16","Needs an account and restricts redistribution. Contact only with user approval."
